{"train_accuracies": [0.6689802222707035], "valid_accuracies": [0.7051121889084853], "test_accuracies": [0.6865959172637556]}